file_name,width,height,class_num,xmin,ymin,xmax,ymax
MBbframe00265.jpg,300,300,1,108,187,133,214
ABbframe00430.jpg,300,300,1,197,130,209,174
MBbframe00271.jpg,300,300,1,94,215,123,228
HBmframe00361.jpg,300,300,1,174,150,182,194
KravMagaTraining20626.jpg,300,300,1,130,187,166,217
DefenseKnifeAttack0071.jpg,300,300,1,165,134,182,166
DefenseKnifeAttack0059.jpg,300,300,1,165,132,184,162
KravMagaKnifeDefenseTechniques768.jpg,300,300,1,116,195,158,227
ABbframe00154.jpg,300,300,1,140,124,158,156
billete_2037.jpg,300,300,0,14,5,278,290
billete_0146.jpg,300,300,0,150,129,175,170
billete_2023.jpg,300,300,0,22,40,277,244
DefenseKnifeAttack0501.jpg,300,300,1,56,182,99,235
KravMagaKnifeDefenseTechniques224.jpg,300,300,1,122,110,165,158
KravMagaTraining20342.jpg,300,300,1,187,199,224,220
KravMagaTraining21074.jpg,300,300,1,98,188,146,227
KravMagaTraining215.jpg,300,300,1,208,133,220,202
billete_0185.jpg,300,300,0,135,128,177,175
KravMagaTraining4127.jpg,300,300,1,46,92,63,142
billete_0032.jpg,300,300,0,2,92,271,286
billete_0026.jpg,300,300,0,49,77,243,264
KnifeDefenseKrav054.jpg,300,300,1,129,16,163,50
DefenseKnifeAttack0475.jpg,300,300,1,106,199,141,264
DSC_0030.jpg,300,300,1,127,170,148,185
DSC_0024.jpg,300,300,1,151,136,168,163
KravMagaTraining4443.jpg,300,300,1,230,264,262,286
HBbframe00241.jpg,300,300,1,168,135,180,177
KravMagaTraining4331.jpg,300,300,1,67,99,108,130
ABmframe00289.jpg,300,300,1,51,240,70,265
KravMagaTraining21302.jpg,300,300,1,114,234,148,275
KravMagaTraining21316.jpg,300,300,1,35,208,114,290
HBsframe00097.jpg,300,300,1,198,162,216,197
DefenseKnifeAttack0886.jpg,300,300,1,71,228,111,265
ABmframe00277.jpg,300,300,1,79,209,101,228
KravMagaKnifeDefenseTechniques147.jpg,300,300,1,83,56,115,104
RusoClases643.jpg,300,300,1,154,202,208,238
HBbframe00268.jpg,300,300,1,69,164,91,185
MBbframe00304.jpg,300,300,1,32,180,58,197
KravMagaKnifeDefenseTechniques190.jpg,300,300,1,109,102,151,147
KravMagaTraining4442.jpg,300,300,1,227,258,259,282
billete_0027.jpg,300,300,0,103,1,264,271
RusoClases333.jpg,300,300,1,115,155,143,206
billete_0033.jpg,300,300,0,88,94,221,193
KravMagaTraining20586.jpg,300,300,1,87,222,120,247
KravMagaTraining566.jpg,300,300,1,221,134,248,224
billete_0190.jpg,300,300,0,144,125,164,183
billete_0184.jpg,300,300,0,154,150,181,173
KravMagaTraining572.jpg,300,300,1,215,142,238,230
KravMagaKnifeDefenseTechniques231.jpg,300,300,1,112,109,154,156
KravMagaTraining20343.jpg,300,300,1,184,194,222,217
KravMagaTraining20357.jpg,300,300,1,198,147,239,168
DefenseKnifeAttack0500.jpg,300,300,1,59,186,103,235
KravMagaKnifeDefenseTechniques225.jpg,300,300,1,121,115,163,159
LBsframe00160.jpg,300,300,1,170,134,187,171
billete_2022.jpg,300,300,0,21,27,259,274
ABbframe00169.jpg,300,300,1,119,105,134,143
billete_2036.jpg,300,300,0,112,41,248,200
KravMagaKnifeDefenseTechniques594.jpg,300,300,1,89,222,139,250
LBbframe00361.jpg,300,300,1,146,163,162,200
KravMagaTraining4052.jpg,300,300,1,121,176,150,221
DefenseKnifeAttack1420.jpg,300,300,1,99,52,136,89
KravMagaTraining20627.jpg,300,300,1,126,186,161,215
KravMagaTraining4278.jpg,300,300,1,152,181,170,225
LBbframe00163.jpg,300,300,1,115,129,129,167
KravMagaTraining20180.jpg,300,300,1,79,226,113,255
KravMagaKnifeDefenseTechniques780.jpg,300,300,1,119,194,160,222
KravMagaTraining20802.jpg,300,300,1,116,210,162,245
ABmframe00301.jpg,300,300,1,44,195,65,206
LBmframe00121.jpg,300,300,1,220,159,240,198
KravMagaTraining20143.jpg,300,300,1,53,187,94,218
KravMagaKnifeDefenseTechniques743.jpg,300,300,1,37,169,51,231
DefenseKnifeAttack0700.jpg,300,300,1,134,199,155,217
KravMagaTraining000.jpg,300,300,1,153,27,188,68
DefenseKnifeAttack1422.jpg,300,300,1,111,51,148,89
DSC_00491.jpg,300,300,1,82,177,118,192
billete_2020.jpg,300,300,0,31,82,134,300
LBbframe00439.jpg,300,300,1,210,129,229,177
billete_2034.jpg,300,300,0,33,104,246,280
MBsframe00271.jpg,300,300,1,203,152,218,177
DefenseKnifeAttack0502.jpg,300,300,1,55,181,99,235
KravMagaTraining216.jpg,300,300,1,200,145,212,212
MBmframe00187.jpg,300,300,1,134,129,150,157
billete_0025.jpg,300,300,0,110,90,190,190
KnifeDefenseKrav057.jpg,300,300,1,126,16,160,50
billete_0031.jpg,300,300,0,151,66,273,256
KravMagaTraining4118.jpg,300,300,1,221,108,265,166
KravMagaTraining376.jpg,300,300,1,91,31,107,90
DefenseKnifeAttack0338.jpg,300,300,1,84,231,124,250
KravMagaKnifeDefenseTechniques186.jpg,300,300,1,103,83,146,128
MBmframe00391.jpg,300,300,1,168,146,180,183
ABbframe00235.jpg,300,300,1,198,128,214,166
KravMagaKnifeDefenseTechniques192.jpg,300,300,1,114,112,157,155
HBbframe00295.jpg,300,300,1,34,221,59,248
KravMagaKnifeDefenseTechniques179.jpg,300,300,1,89,62,122,109
KravMagaTraining21315.jpg,300,300,1,63,226,146,282
KravMagaTraining613.jpg,300,300,1,146,168,162,240
KravMagaKnifeDefenseTechniques193.jpg,300,300,1,112,109,156,155
MBbframe00313.jpg,300,300,1,54,164,74,184
KravMagaTraining21102.jpg,300,300,1,113,202,156,234
DSC_0032.jpg,300,300,1,83,171,114,191
MBmframe00145.jpg,300,300,1,97,126,112,152
KnifeDefenseKrav042.jpg,300,300,1,126,21,158,52
ABsframe00223.jpg,300,300,1,206,126,218,162
billete_0024.jpg,300,300,0,18,27,63,169
KravMagaTraining20585.jpg,300,300,1,89,221,122,251
KravMagaTraining4643.jpg,300,300,1,235,150,271,221
HBsframe00268.jpg,300,300,1,95,160,112,182
billete_0193.jpg,300,300,0,143,163,170,201
HBmframe00175.jpg,300,300,1,174,150,188,172
DefenseKnifeAttack0517.jpg,300,300,1,29,252,74,290
KravMagaTraining20340.jpg,300,300,1,186,196,225,215
KravMagaKnifeDefenseTechniques232.jpg,300,300,1,110,111,151,159
billete_2035.jpg,300,300,0,64,28,235,156
billete_2021.jpg,300,300,0,8,10,166,177
billete_0150.jpg,300,300,0,135,83,152,120
DefenseKnifeAttack1190.jpg,300,300,1,133,210,158,229
billete_0178.jpg,300,300,0,103,67,134,130
HBbframe00121.jpg,300,300,1,213,178,235,213
MBbframe00298.jpg,300,300,1,18,206,48,219
DefenseKnifeAttack0098.jpg,300,300,1,134,195,158,209
LBbframe00160.jpg,300,300,1,105,126,122,166
KravMagaKnifeDefenseTechniques795.jpg,300,300,1,43,217,74,260
ABsframe00151.jpg,300,300,1,90,133,105,158
MBbframe00277.jpg,300,300,1,79,231,106,259
KravMagaTraining777.jpg,300,300,1,124,173,167,192
DefenseKnifeAttack1427.jpg,300,300,1,147,102,170,145
KravMagaKnifeDefenseTechniques752.jpg,300,300,1,93,215,134,259
KravMagaKnifeDefenseTechniques746.jpg,300,300,1,81,215,123,254
DefenseKnifeAttack0705.jpg,300,300,1,137,198,159,213
billete_2025.jpg,300,300,0,28,29,274,269
billete_2031.jpg,300,300,0,85,65,235,181
billete_0140.jpg,300,300,0,137,167,165,196
billete_0168.jpg,300,300,0,134,171,160,202
billete_2019.jpg,300,300,0,124,158,209,232
KravMagaKnifeDefenseTechniques587.jpg,300,300,1,74,220,123,249
KravMagaTraining561.jpg,300,300,1,96,108,125,170
KravMagaTraining21066.jpg,300,300,1,88,175,131,222
KravMagaTraining575.jpg,300,300,1,217,140,239,231
billete_0183.jpg,300,300,0,134,122,151,166
KravMagaTraining20344.jpg,300,300,1,186,175,224,211
billete_0020.jpg,300,300,0,14,18,292,291
billete_0034.jpg,300,300,0,20,26,275,278
KravMagaTraining20595.jpg,300,300,1,96,221,131,240
MBmframe00196.jpg,300,300,1,161,124,179,151
RusoClases308.jpg,300,300,1,134,144,145,213
billete_0008.jpg,300,300,0,48,72,267,227
KravMagaTraining367.jpg,300,300,1,105,151,127,200
DefenseKnifeAttack0842.jpg,300,300,1,96,217,135,278
LBsframe00205.jpg,300,300,1,138,118,154,163
KravMagaTraining20967.jpg,300,300,1,124,186,164,212
RealityKnifeAttacks0650.jpg,300,300,1,128,124,137,161
KravMagaKnifeDefenseTechniques197.jpg,300,300,1,116,112,158,158
ABsframe00019.jpg,300,300,1,174,113,187,144
HBbframe00253.jpg,300,300,1,122,138,134,174
HBsframe00091.jpg,300,300,1,201,154,216,189
KravMagaTraining617.jpg,300,300,1,162,67,202,91
KravMagaTraining21304.jpg,300,300,1,159,211,192,236
KravMagaKnifeDefenseTechniques626.jpg,300,300,1,81,198,121,216
MBmframe00343.jpg,300,300,1,175,160,189,198
ABmframe00271.jpg,300,300,1,97,179,120,197
KravMagaKnifeDefenseTechniques169.jpg,300,300,1,102,85,142,135
KravMagaTraining20796.jpg,300,300,1,95,230,143,260
DSC_00091.jpg,300,300,1,151,211,175,233
KravMagaKnifeDefenseTechniques182.jpg,300,300,1,88,46,121,89
DefenseKnifeAttack0300.jpg,300,300,1,161,207,180,222
LBmframe00253.jpg,300,300,1,131,173,144,196
MBmframe00154.jpg,300,300,1,76,136,91,160
KravMagaTraining366.jpg,300,300,1,75,180,111,198
RusoClases309.jpg,300,300,1,136,133,146,200
KravMagaKnifeDefenseTechniques380.jpg,300,300,1,211,106,243,167
KravMagaTraining4652.jpg,300,300,1,165,96,209,122
billete_0035.jpg,300,300,0,70,31,214,115
KnifeDefenseKrav047.jpg,300,300,1,126,17,161,49
billete_0021.jpg,300,300,0,33,29,183,247
KravMagaTraining548.jpg,300,300,1,14,132,29,201
KravMagaKnifeDefenseTechniques237.jpg,300,300,1,94,110,135,159
LBsframe00199.jpg,300,300,1,143,125,159,158
ABbframe00190.jpg,300,300,1,182,130,200,152
DSC_00481.jpg,300,300,1,81,185,130,217
billete_2018.jpg,300,300,0,48,46,175,281
billete_2030.jpg,300,300,0,108,21,255,212
LBsframe00172.jpg,300,300,1,182,133,203,166
billete_2024.jpg,300,300,0,0,40,300,273
KravMagaTraining20147.jpg,300,300,1,50,184,91,218
KravMagaTraining20609.jpg,300,300,1,100,212,131,242
MBbframe00289.jpg,300,300,1,38,244,65,278
HBsframe00133.jpg,300,300,1,120,189,140,212
HBsframe00127.jpg,300,300,1,141,184,161,208
ABbframe00421.jpg,300,300,1,198,172,214,221
KravMagaTraining20179.jpg,300,300,1,76,221,111,250
HBmframe00370.jpg,300,300,1,178,172,195,199
LBmframe00133.jpg,300,300,1,168,150,185,184
KravMagaTraining748.jpg,300,300,1,197,59,234,110
ABmframe00313.jpg,300,300,1,79,137,92,163
KravMagaTraining20623.jpg,300,300,1,137,175,170,205
billete_2032.jpg,300,300,0,83,75,151,231
billete_2026.jpg,300,300,0,14,43,168,175
LBbframe00403.jpg,300,300,1,195,136,206,183
KravMagaTraining20390.jpg,300,300,1,152,173,188,213
KravMagaKnifeDefenseTechniques590.jpg,300,300,1,81,217,131,246
billete_0180.jpg,300,300,0,112,135,146,165
KravMagaKnifeDefenseTechniques209.jpg,300,300,1,120,120,161,162
billete_0194.jpg,300,300,0,107,221,128,255
LBmframe00319.jpg,300,300,1,64,135,76,154
KravMagaTraining4081.jpg,300,300,1,113,205,167,262
billete_0037.jpg,300,300,0,30,36,294,227
HBsframe00247.jpg,300,300,1,172,162,189,187
billete_0023.jpg,300,300,0,18,20,245,300
KravMagaTraining20582.jpg,300,300,1,94,229,131,257
DSC_0035.jpg,300,300,1,105,144,113,195
DefenseKnifeAttack1008.jpg,300,300,1,3,207,29,265
KravMagaTraining21139.jpg,300,300,1,166,153,207,201
RusoClases647.jpg,300,300,1,141,65,157,165
HBbframe00244.jpg,300,300,1,157,136,168,176
DefenseKnifeAttack1222.jpg,300,300,1,140,164,184,203
KravMagaKnifeDefenseTechniques157.jpg,300,300,1,94,67,131,113
DefenseKnifeAttack0666.jpg,300,300,1,73,105,107,278
KravMagaKnifeDefenseTechniques624.jpg,300,300,1,91,208,127,231
DefenseKnifeAttack0667.jpg,300,300,1,76,110,106,279
HBmframe00205.jpg,300,300,1,242,194,266,215
KravMagaKnifeDefenseTechniques630.jpg,300,300,1,58,210,100,238
KravMagaTraining21306.jpg,300,300,1,141,213,179,235
KravMagaTraining167.jpg,300,300,1,206,93,234,141
KravMagaKnifeDefenseTechniques181.jpg,300,300,1,88,64,118,110
billete_0208.jpg,300,300,0,110,204,137,279
RealityKnifeAttacks0652.jpg,300,300,1,131,125,141,165
MBmframe00157.jpg,300,300,1,70,141,87,165
KravMagaTraining21138.jpg,300,300,1,158,168,202,212
KravMagaTraining21110.jpg,300,300,1,127,191,176,218
KravMagaTraining371.jpg,300,300,1,140,11,171,43
KravMagaTraining417.jpg,300,300,1,131,98,141,154
DSC_0008.jpg,300,300,1,144,109,153,171
KravMagaTraining20583.jpg,300,300,1,99,219,135,240
LBbframe00238.jpg,300,300,1,155,147,174,189
billete_0022.jpg,300,300,0,62,32,188,200
billete_0036.jpg,300,300,0,1,42,216,149
RusoClases336.jpg,300,300,1,155,79,188,112
DefenseKnifeAttack0511.jpg,300,300,1,52,191,98,237
KravMagaKnifeDefenseTechniques234.jpg,300,300,1,101,111,143,160
KravMagaKnifeDefenseTechniques220.jpg,300,300,1,120,122,162,166
billete_0181.jpg,300,300,0,132,141,156,169
LBbframe00370.jpg,300,300,1,149,124,159,174
KravMagaTraining4043.jpg,300,300,1,123,192,149,229
KravMagaKnifeDefenseTechniques585.jpg,300,300,1,63,227,114,258
billete_2027.jpg,300,300,0,34,9,277,196
billete_2033.jpg,300,300,0,18,18,211,284
KravMagaTraining20622.jpg,300,300,1,141,173,174,205
KravMagaTraining749.jpg,300,300,1,204,69,240,127
ABsframe00184.jpg,300,300,1,213,135,225,178
ABsframe00190.jpg,300,300,1,211,133,223,176
ABbframe00346.jpg,300,300,1,158,178,185,200
LBbframe00166.jpg,300,300,1,126,131,136,165
LBsframe00328.jpg,300,300,1,117,180,134,199
KravMagaKnifeDefenseTechniques086.jpg,300,300,1,129,165,164,195
KravMagaKnifeDefenseTechniques092.jpg,300,300,1,124,191,161,220
KravMagaKnifeDefenseTechniques045.jpg,300,300,1,139,147,171,180
DefenseKnifeAttack1318.jpg,300,300,1,92,12,136,47
KravMagaKnifeDefenseTechniques051.jpg,300,300,1,137,158,170,187
LBsframe00499.jpg,300,300,1,147,126,160,156
DefenseKnifeAttack0984.jpg,300,300,1,184,126,207,220
billete_2068.jpg,300,300,0,92,50,175,135
KravMagaKnifeDefenseTechniques290.jpg,300,300,1,177,160,225,208
billete_0125.jpg,300,300,0,140,170,168,197
billete_2054.jpg,300,300,0,136,59,295,195
billete_2040.jpg,300,300,0,102,37,220,182
billete_0131.jpg,300,300,0,126,134,140,157
ABmframe00163.jpg,300,300,1,158,106,167,143
DefenseAndSurvive07.jpg,300,300,1,99,159,131,275
billete_2097.jpg,300,300,0,93,78,224,186
billete_2083.jpg,300,300,0,22,116,234,245
billete_2108.jpg,300,300,0,4,21,216,276
ABsframe00256.jpg,300,300,1,183,141,202,172
billete_0045.jpg,300,300,0,12,79,273,282
DefenseKnifeAttack0364.jpg,300,300,1,68,196,106,215
billete_0092.jpg,300,300,0,27,2,269,293
KravMagaTraining464.jpg,300,300,1,64,171,91,221
MBmframe00118.jpg,300,300,1,182,135,202,160
billete_0086.jpg,300,300,0,52,54,259,270
KravMagaTraining4408.jpg,300,300,1,114,95,151,119
KravMagaTraining20043.jpg,300,300,1,26,243,61,291
DefenseKnifeAttack0166.jpg,300,300,1,91,191,137,218
KravMagaKnifeDefenseTechniques118.jpg,300,300,1,82,75,115,117
KravMagaTraining115.jpg,300,300,1,93,8,150,94
KravMagaKnifeDefenseTechniques124.jpg,300,300,1,75,74,113,112
DefenseKnifeAttack0167.jpg,300,300,1,92,190,136,219
ABbframe00283.jpg,300,300,1,77,201,100,225
MBsframe00199.jpg,300,300,1,134,140,147,165
DefenseKnifeAttack0173.jpg,300,300,1,71,203,118,228
DefenseKnifeAttack0198.jpg,300,300,1,90,205,133,236
KravMagaKnifeDefenseTechniques695.jpg,300,300,1,132,165,172,199
MBbframe00415.jpg,300,300,1,191,147,212,183
DefenseKnifeAttack0359.jpg,300,300,1,56,206,96,228
RusoClases393.jpg,300,300,1,122,198,158,220
DSC_00221.jpg,300,300,1,141,129,159,179
billete_0044.jpg,300,300,0,29,26,279,212
KnifeDefenseKrav022.jpg,300,300,1,133,9,167,42
billete_0050.jpg,300,300,0,1,79,300,277
billete_2109.jpg,300,300,0,103,80,263,181
LBbframe00262.jpg,300,300,1,77,162,100,184
billete_0078.jpg,300,300,0,23,46,257,277
billete_2082.jpg,300,300,0,124,61,245,210
LBmframe00418.jpg,300,300,1,196,132,204,168
DefenseKnifeAttack0239.jpg,300,300,1,156,188,172,215
billete_2096.jpg,300,300,0,140,20,240,193
DSC_00341.jpg,300,300,1,148,74,162,109
KravMagaKnifeDefenseTechniques246.jpg,300,300,1,173,77,209,100
DefenseKnifeAttack0563.jpg,300,300,1,63,155,103,204
billete_2041.jpg,300,300,0,105,102,235,229
HBbframe00169.jpg,300,300,1,122,167,136,188
billete_0130.jpg,300,300,0,137,110,149,152
billete_2055.jpg,300,300,0,28,41,291,259
billete_2069.jpg,300,300,0,17,92,241,275
KravMagaTraining713.jpg,300,300,1,109,106,132,160
ABmframe00412.jpg,300,300,1,163,161,183,188
KravMagaKnifeDefenseTechniques044.jpg,300,300,1,139,151,170,183
KravMagaTraining20863.jpg,300,300,1,107,228,143,252
LBsframe00301.jpg,300,300,1,167,123,183,145
MBmframe00286.jpg,300,300,1,47,261,65,290
KravMagaKnifeDefenseTechniques091.jpg,300,300,1,125,191,161,218
LBmframe00181.jpg,300,300,1,210,136,225,162
HBmframe00301.jpg,300,300,1,33,182,55,198
KravMagaKnifeDefenseTechniques052.jpg,300,300,1,136,162,169,188
KravMagaKnifeDefenseTechniques046.jpg,300,300,1,141,148,172,180
RusoClases795.jpg,300,300,1,210,158,248,191
KravMagaTraining705.jpg,300,300,1,96,167,115,218
KravMagaTraining711.jpg,300,300,1,102,108,122,161
DefenseKnifeAttack1327.jpg,300,300,1,106,36,149,77
HBsframe00418.jpg,300,300,1,183,171,194,206
billete_0132.jpg,300,300,0,139,153,158,191
billete_2043.jpg,300,300,0,27,1,283,299
billete_2057.jpg,300,300,0,26,22,286,259
KravMagaTraining21028.jpg,300,300,1,103,218,146,250
KravMagaKnifeDefenseTechniques244.jpg,300,300,1,180,79,213,98
DefenseAndSurvive10.jpg,300,300,1,101,178,132,288
billete_2080.jpg,300,300,0,62,88,275,263
DefenseAndSurvive04.jpg,300,300,1,91,194,133,292
billete_2094.jpg,300,300,0,17,27,293,234
KravMagaKnifeDefenseTechniques278.jpg,300,300,1,173,120,223,156
billete_0046.jpg,300,300,0,5,4,284,149
RusoClases434.jpg,300,300,1,119,179,149,201
billete_0052.jpg,300,300,0,65,20,209,271
KnifeDefenseKrav020.jpg,300,300,1,132,11,165,41
ABsframe00241.jpg,300,300,1,216,133,227,166
DefenseKnifeAttack0401.jpg,300,300,1,101,203,148,248
DSC_00551.jpg,300,300,1,100,85,122,147
DefenseKnifeAttack0373.jpg,300,300,1,45,203,75,241
LBmframe00220.jpg,300,300,1,236,133,245,172
DSC_0050.jpg,300,300,1,135,144,161,208
billete_0085.jpg,300,300,0,55,45,248,250
billete_0091.jpg,300,300,0,76,81,256,239
MBbframe00403.jpg,300,300,1,191,159,211,183
RealityKnifeAttacks0178.jpg,300,300,1,126,154,148,177
KravMagaKnifeDefenseTechniques697.jpg,300,300,1,134,161,174,190
DefenseKnifeAttack0824.jpg,300,300,1,126,191,161,256
DefenseKnifeAttack1290.jpg,300,300,1,173,178,196,271
KravMagaKnifeDefenseTechniques126.jpg,300,300,1,69,83,108,125
KravMagaTraining659.jpg,300,300,1,198,136,210,196
ABbframe00295.jpg,300,300,1,52,222,73,255
ABsframe00094.jpg,300,300,1,156,111,167,133
MBmframe00319.jpg,300,300,1,68,164,82,180
DefenseKnifeAttack1246.jpg,300,300,1,122,15,176,54
KravMagaTraining658.jpg,300,300,1,196,142,211,200
KravMagaKnifeDefenseTechniques133.jpg,300,300,1,111,158,145,187
KravMagaTraining20041.jpg,300,300,1,26,245,59,291
KravMagaKnifeDefenseTechniques655.jpg,300,300,1,59,181,74,245
ABbframe00280.jpg,300,300,1,84,189,106,204
LBsframe00262.jpg,300,300,1,195,132,216,155
RusoClases179.jpg,300,300,1,104,139,134,161
MBbframe00364.jpg,300,300,1,198,143,212,194
DefenseKnifeAttack0428.jpg,300,300,1,83,249,127,289
billete_0090.jpg,300,300,0,37,53,233,294
DefenseKnifeAttack0366.jpg,300,300,1,69,195,105,220
billete_0053.jpg,300,300,0,129,21,296,171
billete_0047.jpg,300,300,0,27,59,286,251
MBbframe00166.jpg,300,300,1,80,118,98,158
billete_2095.jpg,300,300,0,21,60,232,243
DefenseAndSurvive05.jpg,300,300,1,91,194,132,290
billete_2081.jpg,300,300,0,79,176,179,300
KravMagaTraining260.jpg,300,300,1,92,37,127,93
DefenseAndSurvive11.jpg,300,300,1,99,179,130,290
KravMagaTraining21029.jpg,300,300,1,101,220,144,250
KravMagaKnifeDefenseTechniques245.jpg,300,300,1,176,80,210,98
LBmframe00355.jpg,300,300,1,153,133,162,178
billete_2056.jpg,300,300,0,5,18,289,284
billete_0127.jpg,300,300,0,146,159,171,208
billete_0133.jpg,300,300,0,142,146,160,185
billete_2042.jpg,300,300,0,96,76,228,230
LBbframe00301.jpg,300,300,1,27,186,56,199
KravMagaKnifeDefenseTechniques286.jpg,300,300,1,173,138,222,180
KravMagaKnifeDefenseTechniques292.jpg,300,300,1,177,168,225,215
KravMagaTraining076.jpg,300,300,1,173,0,229,67
DefenseKnifeAttack0986.jpg,300,300,1,177,108,208,218
KravMagaKnifeDefenseTechniques709.jpg,300,300,1,134,179,176,207
RusoClases794.jpg,300,300,1,218,154,261,188
KravMagaKnifeDefenseTechniques721.jpg,300,300,1,136,188,175,212
DefenseKnifeAttack0762.jpg,300,300,1,127,192,168,234
MBbframe00238.jpg,300,300,1,218,145,229,191
KravMagaKnifeDefenseTechniques084.jpg,300,300,1,128,165,162,196
HBsframe00151.jpg,300,300,1,151,154,166,184
KravMagaKnifeDefenseTechniques719.jpg,300,300,1,135,185,174,211
DefenseKnifeAttack1322.jpg,300,300,1,101,17,144,52
KravMagaKnifeDefenseTechniques731.jpg,300,300,1,128,192,168,225
KravMagaTraining728.jpg,300,300,1,93,109,112,168
billete_2046.jpg,300,300,0,100,61,229,193
billete_0137.jpg,300,300,0,152,171,174,212
billete_2052.jpg,300,300,0,70,8,248,297
KravMagaTraining4036.jpg,300,300,1,132,189,159,227
RealityKnifeAttacks0592.jpg,300,300,1,120,177,139,206
billete_2085.jpg,300,300,0,98,24,241,245
KravMagaKnifeDefenseTechniques269.jpg,300,300,1,163,107,214,146
billete_2091.jpg,300,300,0,72,55,145,245
KravMagaTraining258.jpg,300,300,1,92,33,128,86
DefenseKnifeAttack0216.jpg,300,300,1,58,192,100,232
DefenseKnifeAttack0202.jpg,300,300,1,92,202,135,230
billete_0043.jpg,300,300,0,21,2,224,157
billete_0057.jpg,300,300,0,17,82,284,286
KravMagaTraining4618.jpg,300,300,1,22,210,64,248
LBbframe00271.jpg,300,300,1,55,193,80,206
billete_0080.jpg,300,300,0,57,29,252,300
billete_0094.jpg,300,300,0,39,65,264,209
DSC_0041.jpg,300,300,1,155,121,169,177
DefenseKnifeAttack0362.jpg,300,300,1,75,202,113,220
KravMagaKnifeDefenseTechniques453.jpg,300,300,1,107,164,157,227
DefenseKnifeAttack0809.jpg,300,300,1,65,232,112,255
RealityKnifeAttacks0182.jpg,300,300,1,136,157,156,175
KravMagaKnifeDefenseTechniques123.jpg,300,300,1,79,75,116,114
DSC_00031.jpg,300,300,1,135,214,146,251
DefenseKnifeAttack0161.jpg,300,300,1,86,197,132,225
KravMagaTraining661.jpg,300,300,1,197,115,213,175
KravMagaTraining4341.jpg,300,300,1,59,220,95,280
RusoClases154.jpg,300,300,1,216,160,223,203
DefenseKnifeAttack0377.jpg,300,300,1,34,220,80,255
billete_0056.jpg,300,300,0,25,2,300,300
HBsframe00226.jpg,300,300,1,202,174,220,201
KnifeDefenseKrav030.jpg,300,300,1,131,11,166,45
KravMagaKnifeDefenseTechniques240.jpg,300,300,1,116,166,162,203
billete_2090.jpg,300,300,0,44,46,237,175
HBsframe00391.jpg,300,300,1,190,166,202,193
billete_2084.jpg,300,300,0,30,39,213,214
RealityKnifeAttacks0593.jpg,300,300,1,123,173,140,204
billete_2053.jpg,300,300,0,102,2,280,262
billete_2047.jpg,300,300,0,121,119,210,246
billete_0136.jpg,300,300,0,157,152,170,194
KravMagaTraining729.jpg,300,300,1,94,115,112,175
KravMagaKnifeDefenseTechniques042.jpg,300,300,1,135,152,166,186
KravMagaKnifeDefenseTechniques056.jpg,300,300,1,133,165,164,192
KravMagaKnifeDefenseTechniques730.jpg,300,300,1,135,185,176,215
KravMagaKnifeDefenseTechniques081.jpg,300,300,1,127,165,161,194
DefenseKnifeAttack0940.jpg,300,300,1,185,160,214,207
LBsframe00475.jpg,300,300,1,184,127,202,157
HBbframe00379.jpg,300,300,1,157,177,173,212
ABsframe00133.jpg,300,300,1,47,196,64,214
MBbframe00229.jpg,300,300,1,257,135,270,179
DefenseKnifeAttack0942.jpg,300,300,1,184,160,213,208
LBmframe00187.jpg,300,300,1,221,141,239,169
KravMagaKnifeDefenseTechniques068.jpg,300,300,1,127,165,161,197
LBmframe00178.jpg,300,300,1,200,132,216,163
RusoClases793.jpg,300,300,1,210,146,253,184
KravMagaKnifeDefenseTechniques054.jpg,300,300,1,132,161,165,190
billete_2051.jpg,300,300,0,20,33,248,268
HBsframe00436.jpg,300,300,1,211,154,225,191
billete_0120.jpg,300,300,0,127,124,140,164
billete_2045.jpg,300,300,0,43,32,210,300
LBmframe00385.jpg,300,300,1,178,148,189,182
KravMagaKnifeDefenseTechniques295.jpg,300,300,1,182,168,223,206
billete_2079.jpg,300,300,0,36,28,196,274
DefenseAndSurvive02.jpg,300,300,1,90,206,133,299
billete_2092.jpg,300,300,0,85,130,227,274
KravMagaTraining273.jpg,300,300,1,102,41,135,97
DefenseKnifeAttack1123.jpg,300,300,1,121,170,140,205
HBmframe00139.jpg,300,300,1,150,159,164,184
billete_2086.jpg,300,300,0,101,39,239,232
KravMagaTraining267.jpg,300,300,1,98,39,132,96
DefenseKnifeAttack0567.jpg,300,300,1,101,175,198,249
ABmframe00172.jpg,300,300,1,174,112,185,140
KnifeDefenseKrav026.jpg,300,300,1,131,8,165,40
billete_0097.jpg,300,300,0,73,68,209,171
KravMagaTraining688.jpg,300,300,1,142,121,157,178
KravMagaKnifeDefenseTechniques134.jpg,300,300,1,110,160,145,187
DefenseKnifeAttack0177.jpg,300,300,1,72,169,112,219
KravMagaTraining139.jpg,300,300,1,181,18,221,73
KravMagaTraining20046.jpg,300,300,1,26,240,60,289
ABbframe00286.jpg,300,300,1,72,216,92,244
ABmframe00211.jpg,300,300,1,265,127,287,155
KravMagaKnifeDefenseTechniques121.jpg,300,300,1,82,75,118,113
ABbframe00292.jpg,300,300,1,57,227,78,259
RealityKnifeAttacks0180.jpg,300,300,1,134,152,154,175
KravMagaKnifeDefenseTechniques109.jpg,300,300,1,80,97,109,140
HBbframe00226.jpg,300,300,1,197,148,212,192
KravMagaTraining4424.jpg,300,300,1,10,37,56,82
MBsframe00163.jpg,300,300,1,167,144,185,175
KravMagaTraining474.jpg,300,300,1,83,178,109,215
RusoClases396.jpg,300,300,1,106,177,141,204
billete_0096.jpg,300,300,0,78,87,174,158
MBbframe00160.jpg,300,300,1,82,131,96,158
MBsframe00349.jpg,300,300,1,67,242,89,258
billete_0069.jpg,300,300,0,12,16,287,274
billete_0055.jpg,300,300,0,82,115,235,279
HBbframe00193.jpg,300,300,1,173,166,198,182
KravMagaKnifeDefenseTechniques243.jpg,300,300,1,181,90,214,109
KnifeDefenseKrav184.jpg,300,300,1,202,20,228,50
KravMagaTraining500.jpg,300,300,1,117,112,129,170
billete_2093.jpg,300,300,0,69,84,183,300
KravMagaKnifeDefenseTechniques294.jpg,300,300,1,182,173,227,210
LBbframe00313.jpg,300,300,1,55,124,76,150
billete_2078.jpg,300,300,0,49,27,166,162
billete_0135.jpg,300,300,0,105,61,122,89
billete_2044.jpg,300,300,0,3,24,271,259
billete_2050.jpg,300,300,0,61,17,229,223
billete_0121.jpg,300,300,0,77,120,99,146
KravMagaKnifeDefenseTechniques055.jpg,300,300,1,132,160,165,192
LBmframe00145.jpg,300,300,1,130,132,144,159
LBmframe00151.jpg,300,300,1,122,120,135,152
DefenseKnifeAttack0002.jpg,300,300,1,161,107,173,149
KravMagaTraining716.jpg,300,300,1,175,78,202,116
ABbframe00457.jpg,300,300,1,136,111,153,177
KravMagaKnifeDefenseTechniques082.jpg,300,300,1,127,165,163,194
HBbframe00346.jpg,300,300,1,97,149,114,169
ABbframe00319.jpg,300,300,1,83,151,100,172
DefenseKnifeAttack0782.jpg,300,300,1,98,249,146,272
ABbframe00328.jpg,300,300,1,104,163,120,183
DefenseKnifeAttack0027.jpg,300,300,1,112,188,131,248
KravMagaKnifeDefenseTechniques064.jpg,300,300,1,127,160,160,190
KravMagaKnifeDefenseTechniques070.jpg,300,300,1,129,170,164,197
KravMagaTraining20102.jpg,300,300,1,68,176,106,204
KravMagaTraining727.jpg,300,300,1,96,105,111,162
billete_2049.jpg,300,300,0,43,1,221,299
HBbframe00175.jpg,300,300,1,148,161,162,177
billete_2075.jpg,300,300,0,5,2,130,209
billete_2061.jpg,300,300,0,70,95,195,182
DefenseKnifeAttack0225.jpg,300,300,1,154,188,172,213
KravMagaTraining20314.jpg,300,300,1,138,234,174,262
HBmframe00121.jpg,300,300,1,217,173,237,212
ABmframe00142.jpg,300,300,1,167,113,181,146
KravMagaTraining531.jpg,300,300,1,203,130,218,191
DefenseKnifeAttack0219.jpg,300,300,1,59,180,97,230
DefenseKnifeAttack1113.jpg,300,300,1,117,163,138,200
LBbframe00256.jpg,300,300,1,100,146,120,174
KravMagaTraining4617.jpg,300,300,1,17,189,60,221
MBbframe00145.jpg,300,300,1,119,129,135,161
billete_0058.jpg,300,300,0,57,138,244,203
RusoClases416.jpg,300,300,1,111,182,147,208
billete_2101.jpg,300,300,0,103,4,223,263
billete_0064.jpg,300,300,0,74,111,256,218
LBmframe00202.jpg,300,300,1,254,149,272,178
KravMagaKnifeDefenseTechniques474.jpg,300,300,1,214,110,250,225
DefenseKnifeAttack0423.jpg,300,300,1,81,250,127,288
KravMagaTraining4401.jpg,300,300,1,128,103,150,160
HBmframe00280.jpg,300,300,1,44,225,61,255
ABbframe00274.jpg,300,300,1,95,156,114,178
KnifeDefenseKrav228.jpg,300,300,1,166,130,195,177
KravMagaTraining690.jpg,300,300,1,149,122,162,180
MBmframe00307.jpg,300,300,1,34,174,52,192
KravMagaKnifeDefenseTechniques676.jpg,300,300,1,118,165,159,202
KravMagaKnifeDefenseTechniques110.jpg,300,300,1,81,90,110,134
KravMagaKnifeDefenseTechniques104.jpg,300,300,1,77,114,106,157
KravMagaTraining691.jpg,300,300,1,159,127,170,193
LBbframe00280.jpg,300,300,1,40,214,62,246
DefenseKnifeAttack0344.jpg,300,300,1,91,230,128,248
billete_2114.jpg,300,300,0,100,192,206,248
billete_0065.jpg,300,300,0,40,31,253,267
MBbframe00178.jpg,300,300,1,136,129,150,155
KravMagaTraining493.jpg,300,300,1,88,185,116,209
billete_0071.jpg,300,300,0,75,11,261,292
billete_2100.jpg,300,300,0,25,46,279,266
billete_0059.jpg,300,300,0,54,2,268,295
DefenseKnifeAttack0393.jpg,300,300,1,84,230,134,262
billete_2072.jpeg,300,300,0,24,31,208,298
KravMagaTraining20301.jpg,300,300,1,66,237,105,258
KravMagaKnifeDefenseTechniques267.jpg,300,300,1,158,112,211,150
ABmframe00157.jpg,300,300,1,130,112,145,148
KnifeDefenseKrav188.jpg,300,300,1,186,15,210,45
billete_2060.jpg,300,300,0,10,16,198,126
billete_2074.jpg,300,300,0,159,111,286,202
billete_0139.jpg,300,300,0,146,139,165,181
billete_2048.jpg,300,300,0,97,66,197,206
DefenseKnifeAttack1310.jpg,300,300,1,81,19,128,52
KravMagaTraining726.jpg,300,300,1,89,166,117,203
HBmframe00322.jpg,300,300,1,89,136,105,158
KravMagaKnifeDefenseTechniques703.jpg,300,300,1,136,171,176,199
ABsframe00100.jpg,300,300,1,135,101,146,130
HBsframe00163.jpg,300,300,1,170,150,188,184
ABbframe00301.jpg,300,300,1,44,206,70,229
DefenseKnifeAttack0795.jpg,300,300,1,75,241,125,265
HBbframe00406.jpg,300,300,1,174,149,188,195
KravMagaKnifeDefenseTechniques098.jpg,300,300,1,119,188,156,217
HBsframe00175.jpg,300,300,1,190,152,208,191
DefenseKnifeAttack0756.jpg,300,300,1,103,243,146,269
KravMagaKnifeDefenseTechniques715.jpg,300,300,1,136,187,176,211
KravMagaKnifeDefenseTechniques073.jpg,300,300,1,128,172,164,202
DefenseKnifeAttack0030.jpg,300,300,1,153,209,191,247
KravMagaTraining718.jpg,300,300,1,176,80,202,120
KravMagaKnifeDefenseTechniques067.jpg,300,300,1,126,163,161,194
DefenseKnifeAttack1312.jpg,300,300,1,82,15,129,47
billete_2062.jpg,300,300,0,90,24,248,300
billete_2076.jpg,300,300,0,32,6,282,300
billete_2089.jpg,300,300,0,120,71,224,257
LBmframe00349.jpg,300,300,1,149,130,159,173
KravMagaTraining4614.jpg,300,300,1,33,157,70,196
billete_0067.jpg,300,300,0,28,2,295,300
HBsframe00217.jpg,300,300,1,201,169,212,198
KravMagaTraining4628.jpg,300,300,1,51,52,87,125
billete_2102.jpg,300,300,0,20,33,284,281
billete_0073.jpg,300,300,0,64,52,288,261
RusoClases415.jpg,300,300,1,110,178,146,208
billete_0098.jpg,300,300,0,38,76,182,161
MBmframe00106.jpg,300,300,1,219,135,238,167
KravMagaTraining21141.jpg,300,300,1,176,139,215,194
KravMagaTraining320.jpg,300,300,1,63,224,100,243
DefenseKnifeAttack0187.jpg,300,300,1,43,214,91,239
ABbframe00277.jpg,300,300,1,87,176,109,192
KravMagaKnifeDefenseTechniques107.jpg,300,300,1,77,95,106,139
HBmframe00268.jpg,300,300,1,54,172,73,189
KravMagaKnifeDefenseTechniques112.jpg,300,300,1,81,89,109,132
HBmframe00241.jpg,300,300,1,139,155,154,175
KravMagaKnifeDefenseTechniques660.jpg,300,300,1,101,184,142,225
KravMagaKnifeDefenseTechniques106.jpg,300,300,1,82,104,111,148
KravMagaTraining20921.jpg,300,300,1,177,198,221,234
RealityKnifeAttacks0170.jpg,300,300,1,110,158,132,176
DefenseKnifeAttack0838.jpg,300,300,1,78,261,124,296
DefenseKnifeAttack1071.jpg,300,300,1,116,194,135,229
KravMagaKnifeDefenseTechniques476.jpg,300,300,1,210,100,247,212
billete_0099.jpg,300,300,0,32,93,199,237
DSC_00571.jpg,300,300,1,100,157,112,209
billete_2103.jpg,300,300,0,68,46,265,268
billete_0066.jpg,300,300,0,1,25,290,300
KravMagaTraining255.jpg,300,300,1,89,24,127,70
DSC_00411.jpg,300,300,1,132,116,165,135
billete_2088.jpg,300,300,0,79,5,294,286
billete_2077.jpg,300,300,0,11,75,275,271
billete_2063.jpg,300,300,0,79,10,261,300
KravMagaTraining21222.jpg,300,300,1,146,210,182,228
KravMagaTraining725.jpg,300,300,1,74,206,107,233
KravMagaKnifeDefenseTechniques066.jpg,300,300,1,126,163,162,195
MBmframe00271.jpg,300,300,1,108,235,126,259
KravMagaKnifeDefenseTechniques700.jpg,300,300,1,134,157,176,186
MBmframe00265.jpg,300,300,1,117,218,140,232
KravMagaKnifeDefenseTechniques072.jpg,300,300,1,131,171,165,200
KravMagaTraining094.jpg,300,300,1,162,0,222,74
LBsframe00451.jpg,300,300,1,176,146,187,180
LBsframe00445.jpg,300,300,1,174,144,184,180
ABbframe00316.jpg,300,300,1,75,154,93,175
KravMagaTraining21226.jpg,300,300,1,154,219,187,236
KravMagaTraining735.jpg,300,300,1,187,70,219,104
KravMagaKnifeDefenseTechniques704.jpg,300,300,1,135,172,177,203
billete_2067.jpg,300,300,0,98,109,268,262
billete_2073.jpg,300,300,0,21,16,265,265
KravMagaTraining21024.jpg,300,300,1,116,229,161,258
billete_2098.jpg,300,300,0,44,56,196,172
RusoClases362.jpg,300,300,1,131,233,167,259
billete_2113.jpg,300,300,0,18,64,285,261
RusoClases404.jpg,300,300,1,108,173,141,202
MBsframe00424.jpg,300,300,1,155,136,164,176
billete_0076.jpg,300,300,0,28,7,219,239
billete_2107.jpg,300,300,0,11,64,167,212
LBbframe00244.jpg,300,300,1,138,156,160,188
KravMagaTraining4611.jpg,300,300,1,1,177,55,219
MBsframe00418.jpg,300,300,1,160,140,168,177
KravMagaTraining331.jpg,300,300,1,130,5,161,37
DefenseKnifeAttack0419.jpg,300,300,1,76,253,123,287
LBmframe00238.jpg,300,300,1,183,174,197,200
DSC_0048.jpg,300,300,1,138,185,150,236
RealityKnifeAttacks0174.jpg,300,300,1,117,162,140,178
KravMagaTraining682.jpg,300,300,1,123,68,145,114
ABsframe00067.jpg,300,300,1,223,111,233,147
HBbframe00205.jpg,300,300,1,206,176,235,195
HBmframe00286.jpg,300,300,1,54,227,66,264
KravMagaTraining641.jpg,300,300,1,234,133,268,149
KravMagaKnifeDefenseTechniques670.jpg,300,300,1,111,158,151,199
ABmframe00226.jpg,300,300,1,286,143,299,172
KravMagaTraining20703.jpg,300,300,1,137,169,183,218
MBbframe00397.jpg,300,300,1,200,173,209,210
ABbframe00298.jpg,300,300,1,47,217,71,245
KravMagaTraining20924.jpg,300,300,1,171,200,216,232
DSC_0061.jpg,300,300,1,129,135,152,233
DefenseKnifeAttack0342.jpg,300,300,1,97,214,134,251
KravMagaTraining324.jpg,300,300,1,84,185,113,237
KravMagaTraining4189.jpg,300,300,1,122,23,149,92
KravMagaTraining4610.jpg,300,300,1,0,166,48,216
MBsframe00343.jpg,300,300,1,85,218,109,232
billete_2106.jpg,300,300,0,15,24,261,300
billete_2112.jpg,300,300,0,22,76,278,264
billete_0063.jpg,300,300,0,1,2,258,270
KravMagaKnifeDefenseTechniques261.jpg,300,300,1,165,58,209,93
billete_2099.jpg,300,300,0,31,39,195,253
DefenseAndSurvive09.jpg,300,300,1,104,162,131,278
KravMagaTraining21025.jpg,300,300,1,110,225,154,257
KravMagaTraining244.jpg,300,300,1,60,91,79,156
HBbframe00166.jpg,300,300,1,112,163,129,187
LBbframe00331.jpg,300,300,1,84,114,99,143
LBbframe00319.jpg,300,300,1,68,115,85,142
HBsframe00373.jpg,300,300,1,197,157,208,194
HBsframe00367.jpg,300,300,1,198,151,204,191
billete_2066.jpg,300,300,0,72,6,215,103
KravMagaKnifeDefenseTechniques063.jpg,300,300,1,126,157,161,192
KravMagaTraining734.jpg,300,300,1,181,69,213,98
ABbframe00313.jpg,300,300,1,66,160,87,179
KravMagaKnifeDefenseTechniques088.jpg,300,300,1,131,178,165,205
RusoClases003.jpg,300,300,1,125,66,154,90
KravMagaTraining20846.jpg,300,300,1,96,216,133,245
KravMagaTraining21225.jpg,300,300,1,155,214,189,230
LBsframe00481.jpg,300,300,1,180,118,197,150
KravMagaKnifeDefenseTechniques049.jpg,300,300,1,138,151,171,180
KravMagaKnifeDefenseTechniques713.jpg,300,300,1,135,185,176,216
KravMagaTraining20107.jpg,300,300,1,154,181,189,209
KravMagaKnifeDefenseTechniques075.jpg,300,300,1,129,177,164,202
billete_2070.jpg,300,300,0,107,70,193,168
billete_2064.jpg,300,300,0,31,28,282,242
billete_2058.jpg,300,300,0,107,74,203,177
DefenseKnifeAttack1102.jpg,300,300,1,108,155,120,199
KravMagaTraining21027.jpg,300,300,1,103,220,147,253
LBmframe00373.jpg,300,300,1,180,149,193,184
billete_2104.jpg,300,300,0,42,93,146,216
KravMagaTraining497.jpg,300,300,1,101,93,118,138
billete_0061.jpg,300,300,0,83,2,238,252
billete_2110.jpg,300,300,0,17,55,266,234
MBbframe00154.jpg,300,300,1,95,132,110,161
KravMagaTraining4612.jpg,300,300,1,1,165,51,212
MBmframe00100.jpg,300,300,1,254,139,276,174
DefenseKnifeAttack0426.jpg,300,300,1,83,253,128,291
ABsframe00064.jpg,300,300,1,230,114,238,148
KravMagaTraining20098.jpg,300,300,1,62,213,102,242
ABbframe00271.jpg,300,300,1,103,143,121,169
ABbframe00265.jpg,300,300,1,125,137,142,165
KravMagaKnifeDefenseTechniques115.jpg,300,300,1,82,81,114,122
KravMagaKnifeDefenseTechniques101.jpg,300,300,1,83,148,117,194
DefenseKnifeAttack0142.jpg,300,300,1,27,209,71,242
KravMagaTraining20072.jpg,300,300,1,55,223,95,251
KravMagaKnifeDefenseTechniques114.jpg,300,300,1,80,87,112,129
KravMagaTraining119.jpg,300,300,1,79,27,108,105
LBsframe00292.jpg,300,300,1,189,130,205,152
KravMagaTraining657.jpg,300,300,1,197,141,209,201
KravMagaKnifeDefenseTechniques699.jpg,300,300,1,136,155,177,183
RealityKnifeAttacks0176.jpg,300,300,1,123,157,146,178
DSC_00211.jpg,300,300,1,140,119,152,176
DSC_0062.jpg,300,300,1,164,156,210,179
KravMagaKnifeDefenseTechniques316.jpg,300,300,1,188,133,222,180
KravMagaTraining4613.jpg,300,300,1,20,159,62,212
billete_0048.jpg,300,300,0,105,79,252,203
billete_0060.jpg,300,300,0,36,5,251,289
billete_2111.jpg,300,300,0,63,16,257,294
KravMagaTraining21185.jpg,300,300,1,142,224,192,255
billete_2105.jpg,300,300,0,35,23,299,283
DefenseKnifeAttack0221.jpg,300,300,1,62,208,101,259
DSC_00371.jpg,300,300,1,188,41,203,51
KravMagaKnifeDefenseTechniques262.jpg,300,300,1,165,60,214,96
DefenseKnifeAttack0209.jpg,300,300,1,90,202,131,226
KravMagaTraining21026.jpg,300,300,1,106,227,150,257
KravMagaTraining253.jpg,300,300,1,90,19,128,69
billete_2059.jpg,300,300,0,2,1,291,299
HBsframe00364.jpg,300,300,1,194,151,201,191
billete_2065.jpg,300,300,0,102,54,225,208
RusoClases200.jpg,300,300,1,99,82,120,126
billete_2071.jpg,300,300,0,73,73,282,274
billete_0100.jpg,300,300,0,65,15,221,147
DSC_00601.jpg,300,300,1,79,192,140,232
HBsframe00199.jpg,300,300,1,215,160,235,199
KravMagaKnifeDefenseTechniques060.jpg,300,300,1,132,165,163,192
KravMagaKnifeDefenseTechniques706.jpg,300,300,1,136,178,178,206
MBmframe00277.jpg,300,300,1,87,238,103,266
KravMagaKnifeDefenseTechniques048.jpg,300,300,1,140,151,172,182
DefenseKnifeAttack1315.jpg,300,300,1,87,16,131,48
DefenseKnifeAttack0779.jpg,300,300,1,83,234,131,261
KravMagaTraining051.jpg,300,300,1,158,50,184,119
LBbframe00130.jpg,300,300,1,168,162,189,201
DefenseKnifeAttack0792.jpg,300,300,1,84,220,129,246
HBbframe00373.jpg,300,300,1,134,218,158,243
ABbframe00304.jpg,300,300,1,46,194,73,210
LBbframe00118.jpg,300,300,1,219,175,244,216
MBbframe00250.jpg,300,300,1,168,157,189,193
DefenseKnifeAttack0093.jpg,300,300,1,134,202,158,218
HBbframe00328.jpg,300,300,1,65,161,85,181
KravMagaKnifeDefenseTechniques775.jpg,300,300,1,120,192,161,220
KravMagaTraining750.jpg,300,300,1,213,85,245,148
LBbframe00427.jpg,300,300,1,195,202,213,239
billete_2016.jpg,300,300,0,114,77,196,194
LBbframe00382.jpg,300,300,1,172,137,185,182
billete_0198.jpg,300,300,0,132,92,148,129
KravMagaKnifeDefenseTechniques205.jpg,300,300,1,120,119,163,165
KravMagaKnifeDefenseTechniques211.jpg,300,300,1,120,114,162,158
billete_0013.jpg,300,300,0,91,1,289,295
billete_0007.jpg,300,300,0,55,22,207,197
ABsframe00214.jpg,300,300,1,195,124,203,165
RusoClases461.jpg,300,300,1,246,175,279,253
DSC_0005.jpg,300,300,1,138,141,174,172
KravMagaTraining340.jpg,300,300,1,154,139,173,197
MBsframe00496.jpg,300,300,1,172,102,181,140
DefenseKnifeAttack0681.jpg,300,300,1,124,199,148,213
KravMagaTraining20798.jpg,300,300,1,100,221,147,255
billete_0205.jpg,300,300,0,101,139,142,214
KravMagaKnifeDefenseTechniques173.jpg,300,300,1,101,82,142,132
KravMagaKnifeDefenseTechniques167.jpg,300,300,1,99,83,137,132
KravMagaTraining624.jpg,300,300,1,265,121,281,188
KravMagaTraining156.jpg,300,300,1,152,64,173,137
KravMagaTraining20997.jpg,300,300,1,129,230,165,250
DefenseKnifeAttack1213.jpg,300,300,1,211,184,253,210
KravMagaKnifeDefenseTechniques628.jpg,300,300,1,63,211,103,244
KravMagaTraining21322.jpg,300,300,1,82,223,161,288
KravMagaKnifeDefenseTechniques166.jpg,300,300,1,99,81,137,133
KravMagaTraining619.jpg,300,300,1,253,96,279,156
KravMagaKnifeDefenseTechniques172.jpg,300,300,1,102,83,140,131
DefenseKnifeAttack0864.jpg,300,300,1,86,162,120,234
KravMagaTraining355.jpg,300,300,1,86,50,102,102
KravMagaTraining341.jpg,300,300,1,142,154,158,209
DSC_00511.jpg,300,300,1,92,116,103,171
billete_0006.jpg,300,300,0,45,65,268,215
RusoClases306.jpg,300,300,1,123,119,135,190
RusoClases312.jpg,300,300,1,161,200,176,261
KnifeDefenseKrav060.jpg,300,300,1,123,19,157,53
billete_0012.jpg,300,300,0,21,6,262,190
KnifeDefenseKrav048.jpg,300,300,1,127,17,160,48
DefenseKnifeAttack0496.jpg,300,300,1,51,217,101,253
DefenseKnifeAttack0509.jpg,300,300,1,51,175,96,225
KravMagaTraining20404.jpg,300,300,1,59,120,72,172
HBmframe00157.jpg,300,300,1,106,153,121,177
KravMagaKnifeDefenseTechniques204.jpg,300,300,1,120,117,165,159
billete_0199.jpg,300,300,0,140,255,161,288
KravMagaTraining20410.jpg,300,300,1,128,204,165,231
MBsframe00520.jpg,300,300,1,190,114,203,154
billete_2017.jpg,300,300,0,79,116,197,201
KravMagaTraining20389.jpg,300,300,1,150,190,186,218
billete_0166.jpg,300,300,0,130,169,193,260
KravMagaTraining590.jpg,300,300,1,131,165,148,228
ABbframe00160.jpg,300,300,1,123,117,138,152
MBsframe00508.jpg,300,300,1,181,110,192,147
KravMagaTraining751.jpg,300,300,1,220,112,237,194
ABmframe00322.jpg,300,300,1,97,152,111,176
DefenseKnifeAttack0051.jpg,300,300,1,159,118,174,151
HBmframe00355.jpg,300,300,1,163,149,172,195
HBsframe00100.jpg,300,300,1,200,169,218,202
LBsframe00343.jpg,300,300,1,74,204,94,220
KravMagaTraining20835.jpg,300,300,1,118,211,154,235
KravMagaTraining20809.jpg,300,300,1,104,218,146,262
HBbframe00301.jpg,300,300,1,46,222,67,257
KravMagaTraining784.jpg,300,300,1,17,220,48,288
DefenseKnifeAttack0912.jpg,300,300,1,131,214,162,277
KravMagaTraining790.jpg,300,300,1,220,165,233,250
DefenseKnifeAttack0053.jpg,300,300,1,161,122,179,159
KravMagaKnifeDefenseTechniques762.jpg,300,300,1,108,199,151,237
LBsframe00382.jpg,300,300,1,43,129,58,148
KravMagaTraining747.jpg,300,300,1,189,55,227,103
KravMagaTraining753.jpg,300,300,1,221,120,236,202
KravMagaKnifeDefenseTechniques038.jpg,300,300,1,141,163,172,199
billete_2029.jpg,300,300,0,129,58,236,267
HBmframe00196.jpg,300,300,1,209,185,232,204
billete_0164.jpg,300,300,0,179,171,202,202
MBsframe00250.jpg,300,300,1,175,131,192,157
RusoClases264.jpg,300,300,1,93,145,120,207
billete_2015.jpg,300,300,0,162,140,230,248
KravMagaTraining20406.jpg,300,300,1,99,160,127,202
KravMagaTraining20348.jpg,300,300,1,209,133,250,159
RusoClases338.jpg,300,300,1,117,126,148,175
billete_0038.jpg,300,300,0,1,2,245,284
billete_0004.jpg,300,300,0,88,128,200,221
LBmframe00289.jpg,300,300,1,35,231,54,252
billete_0010.jpg,300,300,0,21,63,125,129
KnifeDefenseKrav062.jpg,300,300,1,119,26,154,62
RusoClases310.jpg,300,300,1,139,138,151,206
DSC_0012.jpg,300,300,1,135,120,183,138
DefenseKnifeAttack1007.jpg,300,300,1,5,215,35,269
RusoClases648.jpg,300,300,1,145,66,161,165
billete_0206.jpg,300,300,0,128,123,157,188
ABsframe00001.jpg,300,300,1,148,114,161,145
MBmframe00373.jpg,300,300,1,189,141,198,179
KravMagaKnifeDefenseTechniques170.jpg,300,300,1,102,86,141,137
KravMagaTraining21334.jpg,300,300,1,135,170,203,231
DefenseKnifeAttack0668.jpg,300,300,1,78,115,110,272
KravMagaTraining626.jpg,300,300,1,269,133,282,198
KravMagaKnifeDefenseTechniques159.jpg,300,300,1,99,74,135,121
DefenseKnifeAttack0132.jpg,300,300,1,152,165,172,184
DefenseKnifeAttack0898.jpg,300,300,1,46,234,86,261
KravMagaTraining21309.jpg,300,300,1,138,224,193,253
LBsframe00220.jpg,300,300,1,185,117,194,170
billete_0207.jpg,300,300,0,85,171,119,226
KnifeDefenseKrav249.jpg,300,300,1,194,166,215,220
KravMagaTraining342.jpg,300,300,1,134,154,151,208
DSC_0013.jpg,300,300,1,125,88,140,146
DefenseKnifeAttack0456.jpg,300,300,1,55,230,85,286
DSC_0007.jpg,300,300,1,163,154,189,197
KravMagaTraining20598.jpg,300,300,1,97,221,133,239
billete_0011.jpg,300,300,0,148,57,300,225
billete_0005.jpg,300,300,0,5,7,295,295
MBsframe00457.jpg,300,300,1,168,148,180,181
KravMagaKnifeDefenseTechniques398.jpg,300,300,1,143,125,161,175
RusoClases339.jpg,300,300,1,120,126,150,177
MBbframe00124.jpg,300,300,1,197,130,216,164
KravMagaTraining550.jpg,300,300,1,40,163,62,225
MBsframe00286.jpg,300,300,1,194,163,204,184
KravMagaKnifeDefenseTechniques207.jpg,300,300,1,120,121,161,162
KravMagaTraining20407.jpg,300,300,1,145,181,182,211
billete_0165.jpg,300,300,0,174,177,202,207
billete_2014.jpg,300,300,0,130,34,205,222
KravMagaTraining21094.jpg,300,300,1,108,205,155,241
billete_0159.jpg,300,300,0,165,95,184,117
billete_2028.jpg,300,300,0,66,1,241,300
KravMagaTraining752.jpg,300,300,1,222,120,235,200
KravMagaTraining20611.jpg,300,300,1,139,200,173,224
DefenseKnifeAttack0052.jpg,300,300,1,160,114,175,151
ABbframe00349.jpg,300,300,1,177,149,200,182
DefenseKnifeAttack0091.jpg,300,300,1,131,209,156,224
HBbframe00448.jpg,300,300,1,192,166,210,207
DefenseKnifeAttack0095.jpg,300,300,1,134,200,158,215
LBbframe00145.jpg,300,300,1,125,141,137,178
LBmframe00139.jpg,300,300,1,145,134,159,160
KravMagaKnifeDefenseTechniques773.jpg,300,300,1,120,193,160,220
KravMagaTraining20615.jpg,300,300,1,156,209,192,234
billete_0175.jpg,300,300,0,142,92,155,120
billete_0161.jpg,300,300,0,182,90,212,147
billete_2038.jpg,300,300,0,70,3,237,270
LBbframe00421.jpg,300,300,1,196,173,217,207
KravMagaKnifeDefenseTechniques217.jpg,300,300,1,119,118,163,167
ABmframe00127.jpg,300,300,1,215,121,232,162
ABmframe00133.jpg,300,300,1,196,120,212,159
billete_0001.jpg,300,300,0,74,2,292,294
RusoClases315.jpg,300,300,1,132,137,144,207
billete_0015.jpg,300,300,0,44,55,255,221
MBsframe00484.jpg,300,300,1,187,116,194,156
DefenseKnifeAttack0452.jpg,300,300,1,58,230,89,292
KravMagaKnifeDefenseTechniques377.jpg,300,300,1,198,89,235,159
ABsframe00004.jpg,300,300,1,146,113,158,142
KravMagaTraining636.jpg,300,300,1,263,186,286,245
KravMagaKnifeDefenseTechniques149.jpg,300,300,1,82,60,114,102
DefenseKnifeAttack0122.jpg,300,300,1,151,172,171,190
KravMagaKnifeDefenseTechniques161.jpg,300,300,1,100,78,137,125
KravMagaTraining20775.jpg,300,300,1,63,212,111,242
KravMagaKnifeDefenseTechniques175.jpg,300,300,1,99,82,137,135
HBmframe00226.jpg,300,300,1,185,162,196,187
KravMagaTraining21319.jpg,300,300,1,133,226,212,264
KravMagaTraining637.jpg,300,300,1,256,202,281,259
MBbframe00337.jpg,300,300,1,156,160,173,193
billete_0202.jpg,300,300,0,133,223,159,272
DSC_0016.jpg,300,300,1,130,150,165,174
DefenseKnifeAttack0335.jpg,300,300,1,81,230,121,252
MBmframe00175.jpg,300,300,1,112,133,128,160
RusoClases314.jpg,300,300,1,148,168,159,237
billete_0014.jpg,300,300,0,0,1,300,300
HBmframe00145.jpg,300,300,1,129,158,142,182
ABbframe00166.jpg,300,300,1,114,108,130,147
billete_0148.jpg,300,300,0,140,76,160,112
billete_2039.jpg,300,300,0,147,88,267,214
billete_2011.jpg,300,300,0,91,66,223,294
billete_0160.jpg,300,300,0,141,139,163,179
HBbframe00139.jpg,300,300,1,167,167,186,200
billete_0174.jpg,300,300,0,83,94,99,124
MBbframe00280.jpg,300,300,1,70,238,95,270
DefenseKnifeAttack0731.jpg,300,300,1,122,250,164,278
HBbframe00307.jpg,300,300,1,56,226,76,263
ABbframe00370.jpg,300,300,1,188,128,200,179
KravMagaTraining20833.jpg,300,300,1,131,190,169,211
LBbframe00178.jpg,300,300,1,159,133,170,168
KravMagaTraining20827.jpg,300,300,1,89,205,124,241
KravMagaTraining20825.jpg,300,300,1,75,182,114,213
LBsframe00421.jpg,300,300,1,168,147,177,191
MBmframe00229.jpg,300,300,1,247,135,264,163
KravMagaTraining741.jpg,300,300,1,188,75,218,110
KravMagaTraining20602.jpg,300,300,1,110,230,143,251
billete_2013.jpg,300,300,0,83,43,172,278
KravMagaTraining20399.jpg,300,300,1,57,116,73,169
KravMagaTraining580.jpg,300,300,1,216,141,236,234
HBsframe00448.jpg,300,300,1,195,140,212,176
HBmframe00190.jpg,300,300,1,198,178,219,196
KravMagaKnifeDefenseTechniques228.jpg,300,300,1,119,110,161,158
LBmframe00310.jpg,300,300,1,52,143,68,163
billete_0189.jpg,300,300,0,104,109,124,165
billete_0016.jpg,300,300,0,71,160,273,300
billete_0002.jpg,300,300,0,0,88,156,300
KravMagaTraining4117.jpg,300,300,1,41,171,111,216
DefenseKnifeAttack0337.jpg,300,300,1,85,227,125,248
KravMagaTraining379.jpg,300,300,1,86,39,102,101
KravMagaKnifeDefenseTechniques189.jpg,300,300,1,108,101,148,146
DefenseKnifeAttack1217.jpg,300,300,1,214,89,229,172
MBmframe00349.jpg,300,300,1,172,138,183,182
KravMagaKnifeDefenseTechniques176.jpg,300,300,1,98,77,136,128
DefenseKnifeAttack0135.jpg,300,300,1,150,165,171,184
KravMagaKnifeDefenseTechniques162.jpg,300,300,1,101,80,140,125
DSC_00071.jpg,300,300,1,154,155,178,178
KravMagaKnifeDefenseTechniques163.jpg,300,300,1,102,79,139,124
MBmframe00406.jpg,300,300,1,161,153,178,174
KravMagaKnifeDefenseTechniques177.jpg,300,300,1,93,71,127,119
KravMagaTraining634.jpg,300,300,1,264,181,288,237
KravMagaTraining21333.jpg,300,300,1,131,205,202,251
KravMagaTraining620.jpg,300,300,1,259,107,280,169
billete_0201.jpg,300,300,0,162,104,202,165
LBmframe00271.jpg,300,300,1,79,189,98,204
DSC_0001.jpg,300,300,1,136,153,169,178
LBmframe00265.jpg,300,300,1,97,179,113,197
KravMagaTraining344.jpg,300,300,1,142,109,153,168
billete_0003.jpg,300,300,0,0,34,299,300
billete_0017.jpg,300,300,0,86,70,224,197
KravMagaTraining21079.jpg,300,300,1,98,205,146,241
billete_0188.jpg,300,300,0,108,90,129,148
KravMagaKnifeDefenseTechniques215.jpg,300,300,1,121,118,164,163
KravMagaKnifeDefenseTechniques201.jpg,300,300,1,118,119,161,161
billete_0177.jpg,300,300,0,117,88,152,110
billete_0163.jpg,300,300,0,202,151,223,184
RusoClases263.jpg,300,300,1,103,170,128,230
billete_2012.jpg,300,300,0,96,85,236,184
KravMagaKnifeDefenseTechniques765.jpg,300,300,1,111,196,154,233
KravMagaKnifeDefenseTechniques759.jpg,300,300,1,108,203,150,237
KravMagaTraining754.jpg,300,300,1,218,141,230,224
